{"cameraMode":{"drawMode":0,"name":"Shaded","section":"Shading Mode"},"sceneLighting":false,"audioPlay":false,"sceneViewState":{"showFog":true,"showMaterialUpdate":false,"showSkybox":false,"showFlares":true,"showImageEffects":true,"showParticleSystems":true},"in2DMode":false,"pivot":{"x":16.959999084472658,"y":0.9074324369430542,"z":0.028835654258728029},"rotation":{"x":0.07134325057268143,"y":0.014358188956975937,"z":-0.001019271439872682,"w":0.9973703026771545},"size":6.843850135803223,"orthographic":false}